Date,Branch,Commit Summary,Insertions,Deletions,Total Changes
"2025-12-18","main"," fix db isuus","102325","295","102620"
"2025-12-19","main","git","90","2","92"
"2025-12-29","main"," fix inqary","41","0","41"
"2025-12-30","main","fix","4253","837","5090"
"2025-12-31","main"," fix versel error","581","132","713"
"2026-01-03","main"," fix with out notification","1869","454","2323"
"2026-01-05","main","nadd the vercel annalize","377","0","377"
"2026-01-06","main"," fix data fatch","1705","223","1928"
"2026-01-07","main"," make convert issus","47","46","93"
"2026-01-08","main"," fix kahan ban board iss","2352","255","2607"
"2026-01-09","main"," make the notification indicator","441","496","937"
"2026-01-10","main"," make the notification indicator","100","30","130"
"2026-01-19","main"," fix","3093","2096","5189"
"2026-01-20","main"," fix whatsapp error","1487","2005","3492"

"TOTAL","","","118761","6871","125632"
"Repository Total (sample of 14 commits across all branches)","","","118761","6871","125632"
"Your Contribution %","","","100.00%","100.00%",""
